{"cameraMode":{"drawMode":0,"name":"Shaded","section":"Shading Mode"},"sceneLighting":false,"audioPlay":false,"sceneViewState":{"m_AlwaysRefresh":false,"showFog":true,"showSkybox":false,"showFlares":true,"showImageEffects":true,"showParticleSystems":true,"showVisualEffectGraphs":true,"m_FxEnabled":true},"in2DMode":false,"pivot":{"x":4.05150032043457,"y":-2.5999999046325685,"z":0.005044698715209961},"rotation":{"x":-0.1229720190167427,"y":-0.02024654485285282,"z":0.002508579520508647,"w":-0.9922028183937073},"size":8.498732566833496,"orthographic":false}