{"cameraMode":{"drawMode":0,"name":"Shaded","section":"Shading Mode"},"sceneLighting":false,"audioPlay":false,"sceneViewState":{"m_AlwaysRefresh":false,"showFog":true,"showSkybox":false,"showFlares":true,"showImageEffects":true,"showParticleSystems":true,"showVisualEffectGraphs":true,"m_FxEnabled":true},"in2DMode":false,"pivot":{"x":-5.109719753265381,"y":0.503535270690918,"z":0.009562492370605469},"rotation":{"x":0.15783824026584626,"y":0.5385838150978088,"z":-0.10352370142936707,"w":0.8211583495140076},"size":5.054335117340088,"orthographic":false}