{"cameraMode":{"drawMode":0,"name":"Shaded","section":"Shading Mode"},"sceneLighting":false,"audioPlay":false,"sceneViewState":{"m_AlwaysRefresh":false,"showFog":true,"showSkybox":false,"showFlares":true,"showImageEffects":true,"showParticleSystems":true,"showVisualEffectGraphs":true,"m_FxEnabled":true},"in2DMode":false,"pivot":{"x":-8.373109817504883,"y":-0.00415809778496623,"z":0.005128692369908094},"rotation":{"x":0.26383525133132937,"y":-0.005787093658000231,"z":0.0015839306870475412,"w":0.9645531177520752},"size":1.2018017768859864,"orthographic":false}