{"cameraMode":{"drawMode":0,"name":"Shaded","section":"Shading Mode"},"sceneLighting":false,"audioPlay":false,"sceneViewState":{"m_AlwaysRefresh":false,"showFog":true,"showSkybox":false,"showFlares":true,"showImageEffects":true,"showParticleSystems":true,"showVisualEffectGraphs":true,"m_FxEnabled":true},"in2DMode":false,"pivot":{"x":-7.157219886779785,"y":0.058799803256988528,"z":5.960464477539063e-8},"rotation":{"x":-0.00004539244400803,"y":0.9995509386062622,"z":-0.029995515942573549,"w":-0.001499044825322926},"size":1.5438852310180665,"orthographic":true}