{"cameraMode":{"drawMode":0,"name":"Shaded","section":"Shading Mode"},"sceneLighting":false,"audioPlay":false,"sceneViewState":{"m_AlwaysRefresh":false,"showFog":true,"showSkybox":false,"showFlares":true,"showImageEffects":true,"showParticleSystems":true,"showVisualEffectGraphs":true,"m_FxEnabled":true},"in2DMode":false,"pivot":{"x":0.47999995946884158,"y":5.401000022888184,"z":1.6391277313232423e-7},"rotation":{"x":-0.08822734653949738,"y":0.6271151900291443,"z":0.07180649042129517,"w":0.7705961465835571},"size":6.213002681732178,"orthographic":false}