{"cameraMode":{"drawMode":0,"name":"Shaded","section":"Shading Mode"},"sceneLighting":false,"audioPlay":false,"sceneViewState":{"m_AlwaysRefresh":false,"showFog":true,"showSkybox":false,"showFlares":true,"showImageEffects":true,"showParticleSystems":true,"showVisualEffectGraphs":true,"m_FxEnabled":true},"in2DMode":false,"pivot":{"x":2.440000057220459,"y":7.370284557342529,"z":-0.010194063186645508},"rotation":{"x":0.07740163803100586,"y":0.11489287763834,"z":-0.008979902602732182,"w":0.9903174638748169},"size":11.471673011779786,"orthographic":false}