{"cameraMode":{"drawMode":0,"name":"Shaded","section":"Shading Mode"},"sceneLighting":false,"audioPlay":false,"sceneViewState":{"m_AlwaysRefresh":false,"showFog":true,"showSkybox":false,"showFlares":true,"showImageEffects":true,"showParticleSystems":true,"showVisualEffectGraphs":true,"m_FxEnabled":true},"in2DMode":false,"pivot":{"x":1.7398738861083985,"y":3.0459041595458986,"z":0.2306612730026245},"rotation":{"x":0.11567359417676926,"y":-0.13367430865764619,"z":0.015706656500697137,"w":0.984139621257782},"size":1.016634225845337,"orthographic":false}