{"cameraMode":{"drawMode":0,"name":"Shaded","section":"Shading Mode"},"sceneLighting":false,"audioPlay":false,"sceneViewState":{"m_AlwaysRefresh":false,"showFog":true,"showSkybox":false,"showFlares":true,"showImageEffects":true,"showParticleSystems":true,"showVisualEffectGraphs":true,"m_FxEnabled":true},"in2DMode":false,"pivot":{"x":2.555000066757202,"y":-0.5999999046325684,"z":0.0000032186508178710939},"rotation":{"x":-0.1229720190167427,"y":-0.02024654485285282,"z":0.002508579520508647,"w":-0.9922028183937073},"size":10.061213493347168,"orthographic":false}