{"cameraMode":{"drawMode":0,"name":"Shaded","section":"Shading Mode"},"sceneLighting":false,"audioPlay":false,"sceneViewState":{"m_AlwaysRefresh":false,"showFog":true,"showSkybox":false,"showFlares":true,"showImageEffects":true,"showParticleSystems":true,"showVisualEffectGraphs":true,"m_FxEnabled":true},"in2DMode":false,"pivot":{"x":-8.02428913116455,"y":0.05199117958545685,"z":0.10150153189897537},"rotation":{"x":-0.023395540192723275,"y":0.005405318457633257,"z":-0.0001246253086719662,"w":-0.9997162222862244},"size":1.225093126296997,"orthographic":false}