{"cameraMode":{"drawMode":0,"name":"Shaded","section":"Shading Mode"},"sceneLighting":true,"audioPlay":false,"sceneViewState":{"m_AlwaysRefresh":false,"showFog":true,"showSkybox":true,"showFlares":true,"showImageEffects":true,"showParticleSystems":true,"showVisualEffectGraphs":true,"m_FxEnabled":true},"in2DMode":false,"pivot":{"x":-2.384185791015625e-7,"y":-2.384185791015625e-7,"z":0.5000000596046448},"rotation":{"x":0.30129653215408327,"y":-0.23833739757537843,"z":0.07806307822465897,"w":0.9199658632278442},"size":0.2660253643989563,"orthographic":false}