{"cameraMode":{"drawMode":0,"name":"Shaded","section":"Shading Mode"},"sceneLighting":true,"audioPlay":false,"sceneViewState":{"m_AlwaysRefresh":false,"showFog":true,"showSkybox":true,"showFlares":true,"showImageEffects":true,"showParticleSystems":true,"showVisualEffectGraphs":true,"m_FxEnabled":true},"in2DMode":false,"pivot":{"x":1.1920928955078126e-7,"y":-2.2351741790771486e-8,"z":1.4901161193847657e-8},"rotation":{"x":0.16084109246730805,"y":-0.0739506334066391,"z":0.012087003327906132,"w":0.9841428995132446},"size":1.016634464263916,"orthographic":false}