{"cameraMode":{"drawMode":0,"name":"Shaded","section":"Shading Mode"},"sceneLighting":false,"audioPlay":false,"sceneViewState":{"m_AlwaysRefresh":false,"showFog":true,"showSkybox":false,"showFlares":true,"showImageEffects":true,"showParticleSystems":true,"showVisualEffectGraphs":true,"m_FxEnabled":true},"in2DMode":false,"pivot":{"x":0.9765163064002991,"y":0.0019092559814453126,"z":0.0000015273690223693848},"rotation":{"x":0.2115698605775833,"y":0.15609852969646455,"z":-0.03425131365656853,"w":0.9642091393470764},"size":1.713972568511963,"orthographic":true}