{"cameraMode":{"drawMode":0,"name":"Shaded","section":"Shading Mode"},"sceneLighting":false,"audioPlay":false,"sceneViewState":{"m_AlwaysRefresh":false,"showFog":true,"showSkybox":false,"showFlares":true,"showImageEffects":true,"showParticleSystems":true,"showVisualEffectGraphs":true,"m_FxEnabled":true},"in2DMode":false,"pivot":{"x":-7.537484169006348,"y":0.001939535140991211,"z":0.0000017285346984863282},"rotation":{"x":0.09879830479621887,"y":-0.028356561437249185,"z":0.002816628199070692,"w":0.9946991801261902},"size":1.6462682485580445,"orthographic":true}