{"cameraMode":{"drawMode":0,"name":"Shaded","section":"Shading Mode"},"sceneLighting":false,"audioPlay":false,"sceneViewState":{"m_AlwaysRefresh":false,"showFog":true,"showSkybox":false,"showFlares":true,"showImageEffects":true,"showParticleSystems":true,"showVisualEffectGraphs":true,"m_FxEnabled":true},"in2DMode":false,"pivot":{"x":2.2350010871887209,"y":0.6659996509552002,"z":-0.04400002956390381},"rotation":{"x":0.14039121568202973,"y":0.0445382334291935,"z":-0.006321905646473169,"w":0.9890741109848023},"size":16.02918815612793,"orthographic":true}